,Aprovados,Reprovados,Diferença
media_geral,8.036073465377056,2.162593302114375,-5.8734801632626805
ch_total,49.654795126927,44.90528220227748,-4.749512924649515
reprov_ate_entao,0.1119753117394686,1.6020688582391371,1.4900935464996685
reprov_disc_ate_entao,0.004058258273327144,0.04288084620968578,0.038822587936358635
ch_integralizada,1711.5848378581475,422.927066830957,-1288.6577710271904
ch_pendente,271.0647314977167,1321.4882356392654,1050.4235041415486
